id,season,city,date,venue,team1,team2,toss_winner,toss_decision,result,dl_applied,winner,result_margin,target_runs,target_overs,super_over,player_of_match,umpire1,umpire2,team1_runs,team2_runs
1,2008,Kolkata,2008-03-11,Eden Gardens,Kolkata Knight Riders,Sunrisers Hyderabad,Sunrisers Hyderabad,bat,normal,0,Sunrisers Hyderabad,18,160,20,1,David Warner,S Ravi,Aleem Dar,183,155
2,2008,Mumbai,2008-03-13,DY Patil Stadium,Royal Challengers Bangalore,Punjab Kings,Punjab Kings,field,normal,0,Royal Challengers Bangalore,5,218,20,0,Mohammed Siraj,Nitin Menon,Rod Tucker,145,213
3,2008,Bengaluru,2008-04-04,M Chinnaswamy Stadium,Chennai Super Kings,Delhi Capitals,Delhi Capitals,bat,normal,0,Chennai Super Kings,59,162,20,0,Ravindra Jadeja,S Ravi,Ian Gould,169,157
4,2008,Delhi,2008-05-18,Feroz Shah Kotla,Kolkata Knight Riders,Rajasthan Royals,Rajasthan Royals,bat,normal,0,Kolkata Knight Riders,43,159,20,0,Andre Russell,Kumar Dharmasena,S Ravi,225,154
5,2008,Jaipur,2008-04-11,Sawai Mansingh Stadium,Punjab Kings,Rajasthan Royals,Rajasthan Royals,field,normal,0,Punjab Kings,57,132,20,0,Mohammed Shami,Aleem Dar,Kumar Dharmasena,181,127
6,2008,Hyderabad,2008-05-24,Rajiv Gandhi International Stadium,Mumbai Indians,Rajasthan Royals,Rajasthan Royals,bat,normal,0,Mumbai Indians,21,183,20,0,Suryakumar Yadav,Nitin Menon,Ian Gould,222,178
7,2008,Delhi,2008-03-28,Feroz Shah Kotla,Mumbai Indians,Punjab Kings,Punjab Kings,field,normal,0,Mumbai Indians,1,190,20,0,Hardik Pandya,Ian Gould,Kumar Dharmasena,157,185
8,2008,Chandigarh,2008-05-01,Punjab Cricket Association Stadium,Chennai Super Kings,Punjab Kings,Punjab Kings,bat,normal,0,Chennai Super Kings,5,192,20,0,MS Dhoni,Ian Gould,CB Gaffaney,199,187
9,2008,Bengaluru,2008-05-09,M Chinnaswamy Stadium,Royal Challengers Bangalore,Sunrisers Hyderabad,Sunrisers Hyderabad,field,normal,0,Royal Challengers Bangalore,51,183,20,0,AB de Villiers,CB Gaffaney,Aleem Dar,160,178
10,2008,Kolkata,2008-03-01,Eden Gardens,Chennai Super Kings,Sunrisers Hyderabad,Sunrisers Hyderabad,bat,normal,0,Chennai Super Kings,43,194,20,0,Ravindra Jadeja,Rod Tucker,Rod Tucker,160,189
11,2008,Mumbai,2008-05-03,Wankhede Stadium,Sunrisers Hyderabad,Rajasthan Royals,Rajasthan Royals,bat,normal,0,Sunrisers Hyderabad,51,135,20,0,Kane Williamson,Kumar Dharmasena,Ian Gould,212,130
12,2008,Ahmedabad,2008-03-23,Narendra Modi Stadium,Chennai Super Kings,Rajasthan Royals,Rajasthan Royals,bat,normal,0,Chennai Super Kings,39,179,20,0,Ravindra Jadeja,S Ravi,Ian Gould,217,174
13,2008,Jaipur,2008-03-18,Sawai Mansingh Stadium,Kolkata Knight Riders,Delhi Capitals,Delhi Capitals,field,normal,0,Kolkata Knight Riders,26,153,20,0,Pat Cummins,Kumar Dharmasena,Aleem Dar,171,148
14,2008,Chennai,2008-04-22,MA Chidambaram Stadium,Royal Challengers Bangalore,Delhi Capitals,Royal Challengers Bangalore,bat,normal,0,Royal Challengers Bangalore,37,167,20,0,AB de Villiers,CB Gaffaney,Kumar Dharmasena,144,162
15,2009,Chandigarh,2009-05-28,Punjab Cricket Association Stadium,Delhi Capitals,Punjab Kings,Punjab Kings,bat,normal,0,Delhi Capitals,33,156,20,0,Rishabh Pant,Aleem Dar,Ian Gould,199,151
16,2009,Chennai,2009-03-02,MA Chidambaram Stadium,Sunrisers Hyderabad,Delhi Capitals,Sunrisers Hyderabad,bat,normal,0,Sunrisers Hyderabad,60,186,20,0,Bhuvneshwar Kumar,Aleem Dar,S Ravi,202,181
17,2009,Ahmedabad,2009-03-07,Narendra Modi Stadium,Mumbai Indians,Delhi Capitals,Delhi Capitals,field,normal,0,Mumbai Indians,2,209,20,0,Suryakumar Yadav,Ian Gould,CB Gaffaney,211,204
18,2009,Mumbai,2009-03-03,Wankhede Stadium,Chennai Super Kings,Sunrisers Hyderabad,Chennai Super Kings,field,normal,0,Chennai Super Kings,8,189,20,1,MS Dhoni,CB Gaffaney,Aleem Dar,201,184
19,2009,Bengaluru,2009-05-22,M Chinnaswamy Stadium,Chennai Super Kings,Kolkata Knight Riders,Chennai Super Kings,field,normal,0,Kolkata Knight Riders,44,156,20,0,Pat Cummins,CB Gaffaney,Nitin Menon,212,151
20,2009,Delhi,2009-03-25,Feroz Shah Kotla,Mumbai Indians,Kolkata Knight Riders,Kolkata Knight Riders,bat,normal,0,Mumbai Indians,4,141,20,0,Rohit Sharma,S Ravi,CB Gaffaney,190,136
21,2009,Jaipur,2009-04-12,Sawai Mansingh Stadium,Mumbai Indians,Punjab Kings,Mumbai Indians,bat,normal,0,Mumbai Indians,1,141,20,0,Hardik Pandya,S Ravi,Rod Tucker,173,136
22,2009,Jaipur,2009-05-04,Sawai Mansingh Stadium,Royal Challengers Bangalore,Sunrisers Hyderabad,Sunrisers Hyderabad,bat,normal,0,Royal Challengers Bangalore,21,138,20,0,Mohammed Siraj,Kumar Dharmasena,Nitin Menon,224,133
23,2009,Delhi,2009-03-28,Feroz Shah Kotla,Chennai Super Kings,Rajasthan Royals,Rajasthan Royals,bat,normal,0,Chennai Super Kings,3,158,20,0,MS Dhoni,Ian Gould,S Ravi,221,153
24,2009,Mumbai,2009-05-18,Wankhede Stadium,Mumbai Indians,Royal Challengers Bangalore,Royal Challengers Bangalore,bat,normal,0,Mumbai Indians,2,206,20,0,Kieron Pollard,CB Gaffaney,Aleem Dar,156,201
25,2009,Kolkata,2009-04-10,Eden Gardens,Chennai Super Kings,Delhi Capitals,Chennai Super Kings,bat,normal,0,Chennai Super Kings,32,199,20,0,MS Dhoni,Nitin Menon,Kumar Dharmasena,187,194
26,2009,Delhi,2009-03-26,Feroz Shah Kotla,Mumbai Indians,Chennai Super Kings,Mumbai Indians,bat,normal,0,Chennai Super Kings,20,204,20,0,Dwayne Bravo,Aleem Dar,Kumar Dharmasena,192,199
27,2009,Chennai,2009-04-07,MA Chidambaram Stadium,Royal Challengers Bangalore,Punjab Kings,Punjab Kings,field,normal,0,Royal Challengers Bangalore,59,173,20,0,Glenn Maxwell,Nitin Menon,Rod Tucker,153,168
28,2009,Mumbai,2009-04-25,Wankhede Stadium,Punjab Kings,Rajasthan Royals,Punjab Kings,bat,normal,0,Rajasthan Royals,7,167,20,0,Ben Stokes,Ian Gould,CB Gaffaney,191,162
29,2010,Delhi,2010-04-24,Feroz Shah Kotla,Sunrisers Hyderabad,Rajasthan Royals,Sunrisers Hyderabad,bat,normal,0,Sunrisers Hyderabad,6,167,20,0,Manish Pandey,Nitin Menon,Ian Gould,225,162
30,2010,Chandigarh,2010-05-13,Punjab Cricket Association Stadium,Royal Challengers Bangalore,Delhi Capitals,Delhi Capitals,field,normal,0,Delhi Capitals,31,141,20,0,Shikhar Dhawan,CB Gaffaney,CB Gaffaney,210,136
31,2010,Jaipur,2010-05-20,Sawai Mansingh Stadium,Sunrisers Hyderabad,Punjab Kings,Punjab Kings,field,normal,0,Punjab Kings,32,161,20,0,Mohammed Shami,S Ravi,S Ravi,178,156
32,2010,Jaipur,2010-05-21,Sawai Mansingh Stadium,Mumbai Indians,Kolkata Knight Riders,Kolkata Knight Riders,bat,normal,0,Mumbai Indians,23,209,20,0,Jasprit Bumrah,Aleem Dar,Rod Tucker,161,204
33,2010,Chennai,2010-03-20,MA Chidambaram Stadium,Chennai Super Kings,Royal Challengers Bangalore,Chennai Super Kings,field,normal,0,Royal Challengers Bangalore,20,128,20,1,Yuzvendra Chahal,S Ravi,Ian Gould,158,123
34,2010,Hyderabad,2010-04-04,Rajiv Gandhi International Stadium,Mumbai Indians,Delhi Capitals,Mumbai Indians,field,normal,0,Mumbai Indians,53,208,20,0,Hardik Pandya,Kumar Dharmasena,Rod Tucker,158,203
35,2010,Jaipur,2010-05-17,Sawai Mansingh Stadium,Royal Challengers Bangalore,Punjab Kings,Punjab Kings,bat,normal,0,Royal Challengers Bangalore,56,183,20,0,Mohammed Siraj,Nitin Menon,Rod Tucker,155,178
36,2010,Jaipur,2010-05-08,Sawai Mansingh Stadium,Delhi Capitals,Punjab Kings,Punjab Kings,field,normal,0,Delhi Capitals,4,220,20,0,R Ashwin,Rod Tucker,Rod Tucker,160,215
37,2010,Ahmedabad,2010-03-18,Narendra Modi Stadium,Kolkata Knight Riders,Delhi Capitals,Delhi Capitals,bat,normal,0,Kolkata Knight Riders,3,155,20,0,Andre Russell,Kumar Dharmasena,Kumar Dharmasena,176,150
38,2010,Chennai,2010-04-27,MA Chidambaram Stadium,Chennai Super Kings,Sunrisers Hyderabad,Sunrisers Hyderabad,bat,normal,0,Chennai Super Kings,4,167,20,0,Dwayne Bravo,Rod Tucker,CB Gaffaney,192,162
39,2010,Hyderabad,2010-04-27,Rajiv Gandhi International Stadium,Mumbai Indians,Rajasthan Royals,Mumbai Indians,field,normal,0,Mumbai Indians,7,163,20,0,Suryakumar Yadav,Ian Gould,Ian Gould,185,158
40,2010,Chennai,2010-04-26,MA Chidambaram Stadium,Royal Challengers Bangalore,Sunrisers Hyderabad,Royal Challengers Bangalore,field,normal,0,Royal Challengers Bangalore,3,128,20,0,AB de Villiers,Rod Tucker,S Ravi,202,123
41,2010,Chandigarh,2010-04-28,Punjab Cricket Association Stadium,Punjab Kings,Rajasthan Royals,Punjab Kings,bat,normal,0,Rajasthan Royals,46,128,20,0,Jos Buttler,Aleem Dar,Nitin Menon,224,123
42,2010,Chennai,2010-04-14,MA Chidambaram Stadium,Chennai Super Kings,Punjab Kings,Punjab Kings,field,normal,0,Chennai Super Kings,7,173,20,1,MS Dhoni,S Ravi,Aleem Dar,183,168
43,2011,Bengaluru,2011-03-07,M Chinnaswamy Stadium,Chennai Super Kings,Kolkata Knight Riders,Chennai Super Kings,field,normal,0,Chennai Super Kings,4,198,20,1,Faf du Plessis,Ian Gould,Rod Tucker,179,193
44,2011,Ahmedabad,2011-04-22,Narendra Modi Stadium,Royal Challengers Bangalore,Delhi Capitals,Royal Challengers Bangalore,bat,normal,0,Delhi Capitals,27,140,20,0,Rishabh Pant,CB Gaffaney,Ian Gould,216,135
45,2011,Chandigarh,2011-05-15,Punjab Cricket Association Stadium,Mumbai Indians,Delhi Capitals,Delhi Capitals,bat,normal,0,Delhi Capitals,6,180,20,0,Shikhar Dhawan,S Ravi,Kumar Dharmasena,153,175
46,2011,Hyderabad,2011-04-03,Rajiv Gandhi International Stadium,Royal Challengers Bangalore,Sunrisers Hyderabad,Sunrisers Hyderabad,field,normal,0,Royal Challengers Bangalore,7,159,20,0,Yuzvendra Chahal,Kumar Dharmasena,Rod Tucker,215,154
47,2011,Delhi,2011-04-09,Feroz Shah Kotla,Royal Challengers Bangalore,Punjab Kings,Punjab Kings,field,normal,0,Royal Challengers Bangalore,2,148,20,0,Glenn Maxwell,CB Gaffaney,Ian Gould,181,143
48,2011,Jaipur,2011-05-08,Sawai Mansingh Stadium,Sunrisers Hyderabad,Rajasthan Royals,Rajasthan Royals,bat,normal,0,Rajasthan Royals,4,155,20,0,Trent Boult,Ian Gould,Ian Gould,150,150
49,2011,Mumbai,2011-04-12,Wankhede Stadium,Mumbai Indians,Punjab Kings,Punjab Kings,field,normal,0,Mumbai Indians,24,176,20,0,Suryakumar Yadav,CB Gaffaney,Nitin Menon,168,171
50,2011,Delhi,2011-04-07,Feroz Shah Kotla,Chennai Super Kings,Delhi Capitals,Delhi Capitals,field,normal,0,Delhi Capitals,2,164,20,0,Rishabh Pant,Ian Gould,CB Gaffaney,174,159
51,2011,Chennai,2011-03-10,MA Chidambaram Stadium,Chennai Super Kings,Rajasthan Royals,Chennai Super Kings,bat,normal,0,Rajasthan Royals,1,217,20,0,Ben Stokes,Kumar Dharmasena,Nitin Menon,175,212
52,2011,Ahmedabad,2011-04-21,Narendra Modi Stadium,Kolkata Knight Riders,Delhi Capitals,Kolkata Knight Riders,bat,normal,0,Kolkata Knight Riders,6,195,20,1,Eoin Morgan,Rod Tucker,Aleem Dar,146,190
53,2011,Hyderabad,2011-03-27,Rajiv Gandhi International Stadium,Delhi Capitals,Rajasthan Royals,Rajasthan Royals,field,normal,0,Delhi Capitals,7,131,20,0,Kagiso Rabada,S Ravi,Aleem Dar,163,126
54,2011,Kolkata,2011-05-14,Eden Gardens,Royal Challengers Bangalore,Kolkata Knight Riders,Royal Challengers Bangalore,bat,normal,0,Kolkata Knight Riders,12,135,20,0,Pat Cummins,Rod Tucker,CB Gaffaney,178,130
55,2011,Hyderabad,2011-05-02,Rajiv Gandhi International Stadium,Mumbai Indians,Sunrisers Hyderabad,Mumbai Indians,field,normal,0,Sunrisers Hyderabad,3,200,20,0,David Warner,Rod Tucker,Kumar Dharmasena,178,195
56,2011,Bengaluru,2011-05-15,M Chinnaswamy Stadium,Kolkata Knight Riders,Rajasthan Royals,Kolkata Knight Riders,field,normal,0,Kolkata Knight Riders,15,195,20,0,Pat Cummins,S Ravi,Nitin Menon,162,190
57,2012,Mumbai,2012-03-03,DY Patil Stadium,Kolkata Knight Riders,Delhi Capitals,Delhi Capitals,bat,normal,0,Kolkata Knight Riders,5,219,20,0,Pat Cummins,CB Gaffaney,Aleem Dar,195,214
58,2012,Kolkata,2012-05-14,Eden Gardens,Royal Challengers Bangalore,Kolkata Knight Riders,Kolkata Knight Riders,bat,normal,0,Royal Challengers Bangalore,2,181,20,1,Yuzvendra Chahal,Aleem Dar,S Ravi,223,176
59,2012,Delhi,2012-05-10,Feroz Shah Kotla,Chennai Super Kings,Punjab Kings,Punjab Kings,field,normal,0,Chennai Super Kings,4,145,20,0,Dwayne Bravo,Rod Tucker,Rod Tucker,153,140
60,2012,Bengaluru,2012-05-01,M Chinnaswamy Stadium,Mumbai Indians,Punjab Kings,Mumbai Indians,field,normal,0,Mumbai Indians,7,139,20,0,Suryakumar Yadav,S Ravi,S Ravi,181,134
61,2012,Jaipur,2012-05-09,Sawai Mansingh Stadium,Chennai Super Kings,Sunrisers Hyderabad,Chennai Super Kings,bat,normal,0,Chennai Super Kings,7,205,20,0,Suresh Raina,Nitin Menon,S Ravi,203,200
62,2012,Mumbai,2012-04-18,Wankhede Stadium,Royal Challengers Bangalore,Rajasthan Royals,Rajasthan Royals,bat,normal,0,Rajasthan Royals,24,155,20,0,Sanju Samson,Kumar Dharmasena,Rod Tucker,217,150
63,2012,Bengaluru,2012-04-14,M Chinnaswamy Stadium,Chennai Super Kings,Delhi Capitals,Chennai Super Kings,field,normal,0,Delhi Capitals,5,188,20,0,Kagiso Rabada,Kumar Dharmasena,S Ravi,159,183
64,2012,Chennai,2012-04-25,MA Chidambaram Stadium,Kolkata Knight Riders,Punjab Kings,Kolkata Knight Riders,field,normal,0,Punjab Kings,60,220,20,0,Mohammed Shami,Rod Tucker,CB Gaffaney,205,215
65,2012,Ahmedabad,2012-04-18,Narendra Modi Stadium,Chennai Super Kings,Kolkata Knight Riders,Kolkata Knight Riders,bat,normal,0,Kolkata Knight Riders,7,199,20,0,Sunil Narine,Nitin Menon,CB Gaffaney,215,194
66,2012,Delhi,2012-03-14,Feroz Shah Kotla,Royal Challengers Bangalore,Sunrisers Hyderabad,Sunrisers Hyderabad,field,normal,0,Sunrisers Hyderabad,2,198,20,0,Rashid Khan,Ian Gould,S Ravi,170,193
67,2012,Kolkata,2012-04-28,Eden Gardens,Punjab Kings,Gujarat Titans,Gujarat Titans,field,normal,0,Punjab Kings,7,141,20,0,KL Rahul,CB Gaffaney,S Ravi,144,136
68,2012,Chandigarh,2012-05-11,Punjab Cricket Association Stadium,Mumbai Indians,Chennai Super Kings,Mumbai Indians,bat,normal,0,Chennai Super Kings,7,134,20,1,Dwayne Bravo,Ian Gould,Aleem Dar,159,129
69,2012,Delhi,2012-05-21,Feroz Shah Kotla,Mumbai Indians,Royal Challengers Bangalore,Royal Challengers Bangalore,field,normal,0,Royal Challengers Bangalore,44,194,20,0,Glenn Maxwell,Kumar Dharmasena,Ian Gould,202,189
70,2012,Bengaluru,2012-03-01,M Chinnaswamy Stadium,Delhi Capitals,Punjab Kings,Delhi Capitals,field,normal,0,Punjab Kings,49,181,20,0,Mohammed Shami,Rod Tucker,Aleem Dar,152,176
71,2013,Ahmedabad,2013-04-08,Narendra Modi Stadium,Mumbai Indians,Sunrisers Hyderabad,Sunrisers Hyderabad,field,normal,0,Mumbai Indians,7,150,20,0,Suryakumar Yadav,Nitin Menon,CB Gaffaney,178,145
72,2013,Mumbai,2013-05-22,Wankhede Stadium,Sunrisers Hyderabad,Delhi Capitals,Delhi Capitals,field,normal,0,Delhi Capitals,1,175,20,0,Rishabh Pant,CB Gaffaney,Ian Gould,224,170
73,2013,Chennai,2013-05-25,MA Chidambaram Stadium,Mumbai Indians,Rajasthan Royals,Rajasthan Royals,field,normal,0,Rajasthan Royals,44,153,20,0,Jos Buttler,Ian Gould,Aleem Dar,185,148
74,2013,Hyderabad,2013-05-11,Rajiv Gandhi International Stadium,Delhi Capitals,Rajasthan Royals,Delhi Capitals,field,normal,0,Delhi Capitals,10,218,20,0,Kagiso Rabada,Kumar Dharmasena,Kumar Dharmasena,186,213
75,2013,Jaipur,2013-04-26,Sawai Mansingh Stadium,Mumbai Indians,Royal Challengers Bangalore,Mumbai Indians,field,normal,0,Mumbai Indians,7,146,20,1,Jasprit Bumrah,Rod Tucker,Aleem Dar,174,141
76,2013,Kolkata,2013-03-12,Eden Gardens,Chennai Super Kings,Royal Challengers Bangalore,Royal Challengers Bangalore,bat,normal,0,Royal Challengers Bangalore,7,211,20,0,Yuzvendra Chahal,Aleem Dar,Nitin Menon,168,206
77,2013,Delhi,2013-03-12,Feroz Shah Kotla,Punjab Kings,Gujarat Titans,Punjab Kings,field,normal,0,Gujarat Titans,7,199,20,0,Shubman Gill,S Ravi,Aleem Dar,173,194
78,2013,Bengaluru,2013-03-05,M Chinnaswamy Stadium,Sunrisers Hyderabad,Rajasthan Royals,Rajasthan Royals,bat,normal,0,Rajasthan Royals,6,214,20,0,Sanju Samson,Nitin Menon,S Ravi,199,209
79,2013,Chennai,2013-05-24,MA Chidambaram Stadium,Chennai Super Kings,Delhi Capitals,Chennai Super Kings,bat,normal,0,Delhi Capitals,3,174,20,0,Axar Patel,S Ravi,CB Gaffaney,157,169
80,2013,Bengaluru,2013-04-07,M Chinnaswamy Stadium,Mumbai Indians,Chennai Super Kings,Mumbai Indians,field,normal,0,Chennai Super Kings,1,177,20,0,Dwayne Bravo,Kumar Dharmasena,Rod Tucker,218,172
81,2013,Delhi,2013-04-04,Feroz Shah Kotla,Royal Challengers Bangalore,Gujarat Titans,Gujarat Titans,bat,normal,0,Gujarat Titans,30,170,20,0,Hardik Pandya,Ian Gould,Kumar Dharmasena,222,165
82,2013,Delhi,2013-03-18,Feroz Shah Kotla,Chennai Super Kings,Gujarat Titans,Chennai Super Kings,bat,normal,0,Chennai Super Kings,9,197,20,0,Faf du Plessis,Kumar Dharmasena,Rod Tucker,156,192
83,2013,Kolkata,2013-05-05,Eden Gardens,Sunrisers Hyderabad,Gujarat Titans,Sunrisers Hyderabad,field,normal,0,Gujarat Titans,7,125,20,1,Mohammed Shami,Rod Tucker,Kumar Dharmasena,216,120
84,2013,Kolkata,2013-03-02,Eden Gardens,Chennai Super Kings,Sunrisers Hyderabad,Chennai Super Kings,bat,normal,0,Chennai Super Kings,1,200,20,0,Dwayne Bravo,CB Gaffaney,Aleem Dar,170,195
85,2014,Hyderabad,2014-05-25,Rajiv Gandhi International Stadium,Delhi Capitals,Rajasthan Royals,Rajasthan Royals,field,normal,0,Rajasthan Royals,59,137,20,0,Jos Buttler,S Ravi,S Ravi,195,132
86,2014,Delhi,2014-04-22,Feroz Shah Kotla,Mumbai Indians,Kolkata Knight Riders,Mumbai Indians,field,normal,0,Kolkata Knight Riders,25,178,20,0,Sunil Narine,Kumar Dharmasena,Ian Gould,191,173
87,2014,Bengaluru,2014-03-26,M Chinnaswamy Stadium,Mumbai Indians,Sunrisers Hyderabad,Sunrisers Hyderabad,bat,normal,0,Sunrisers Hyderabad,52,180,20,0,Manish Pandey,Aleem Dar,CB Gaffaney,151,175
88,2014,Chandigarh,2014-03-12,Punjab Cricket Association Stadium,Kolkata Knight Riders,Rajasthan Royals,Rajasthan Royals,bat,normal,0,Kolkata Knight Riders,23,179,20,0,Pat Cummins,CB Gaffaney,Kumar Dharmasena,225,174
89,2014,Chennai,2014-03-19,MA Chidambaram Stadium,Sunrisers Hyderabad,Punjab Kings,Sunrisers Hyderabad,field,normal,0,Punjab Kings,1,196,20,0,Mayank Agarwal,Rod Tucker,CB Gaffaney,184,191
90,2014,Mumbai,2014-05-05,Wankhede Stadium,Chennai Super Kings,Royal Challengers Bangalore,Chennai Super Kings,field,normal,0,Chennai Super Kings,1,168,20,0,Dwayne Bravo,Aleem Dar,Kumar Dharmasena,179,163
91,2014,Jaipur,2014-04-24,Sawai Mansingh Stadium,Rajasthan Royals,Gujarat Titans,Rajasthan Royals,bat,normal,0,Rajasthan Royals,2,183,20,0,Yashasvi Jaiswal,CB Gaffaney,Aleem Dar,193,178
92,2014,Kolkata,2014-04-14,Eden Gardens,Mumbai Indians,Punjab Kings,Mumbai Indians,bat,normal,0,Punjab Kings,22,211,20,0,Nicholas Pooran,S Ravi,S Ravi,146,206
93,2014,Jaipur,2014-05-16,Sawai Mansingh Stadium,Kolkata Knight Riders,Delhi Capitals,Delhi Capitals,bat,normal,0,Kolkata Knight Riders,6,139,20,0,Sunil Narine,Aleem Dar,Kumar Dharmasena,195,134
94,2014,Mumbai,2014-04-01,Wankhede Stadium,Royal Challengers Bangalore,Delhi Capitals,Delhi Capitals,bat,normal,0,Royal Challengers Bangalore,3,142,20,0,Yuzvendra Chahal,Kumar Dharmasena,Kumar Dharmasena,167,137
95,2014,Jaipur,2014-04-02,Sawai Mansingh Stadium,Kolkata Knight Riders,Gujarat Titans,Gujarat Titans,bat,normal,0,Gujarat Titans,30,170,20,0,Hardik Pandya,S Ravi,Aleem Dar,225,165
96,2014,Mumbai,2014-03-11,DY Patil Stadium,Chennai Super Kings,Delhi Capitals,Delhi Capitals,field,normal,0,Chennai Super Kings,1,178,20,0,Faf du Plessis,S Ravi,Rod Tucker,221,173
97,2014,Chandigarh,2014-04-28,Punjab Cricket Association Stadium,Punjab Kings,Rajasthan Royals,Rajasthan Royals,bat,normal,0,Rajasthan Royals,5,180,20,0,Ben Stokes,Kumar Dharmasena,Nitin Menon,171,175
98,2014,Jaipur,2014-05-24,Sawai Mansingh Stadium,Royal Challengers Bangalore,Punjab Kings,Royal Challengers Bangalore,bat,normal,0,Punjab Kings,54,190,20,0,Chris Gayle,Kumar Dharmasena,Aleem Dar,207,185
99,2015,Delhi,2015-04-13,Feroz Shah Kotla,Sunrisers Hyderabad,Delhi Capitals,Sunrisers Hyderabad,bat,normal,0,Delhi Capitals,44,207,20,0,Axar Patel,CB Gaffaney,Rod Tucker,149,202
100,2015,Mumbai,2015-04-02,DY Patil Stadium,Mumbai Indians,Sunrisers Hyderabad,Mumbai Indians,field,normal,0,Sunrisers Hyderabad,5,202,20,0,David Warner,Rod Tucker,Rod Tucker,181,197
101,2015,Jaipur,2015-03-20,Sawai Mansingh Stadium,Chennai Super Kings,Rajasthan Royals,Rajasthan Royals,bat,normal,0,Rajasthan Royals,4,156,20,0,Ben Stokes,Nitin Menon,Nitin Menon,145,151
102,2015,Delhi,2015-05-18,Feroz Shah Kotla,Mumbai Indians,Rajasthan Royals,Rajasthan Royals,field,normal,0,Rajasthan Royals,1,205,20,0,Trent Boult,Nitin Menon,Nitin Menon,146,200
103,2015,Bengaluru,2015-03-13,M Chinnaswamy Stadium,Delhi Capitals,Gujarat Titans,Delhi Capitals,field,normal,0,Gujarat Titans,6,169,20,0,David Miller,Ian Gould,Aleem Dar,158,164
104,2015,Delhi,2015-04-17,Feroz Shah Kotla,Chennai Super Kings,Royal Challengers Bangalore,Royal Challengers Bangalore,field,normal,0,Royal Challengers Bangalore,46,214,20,0,Virat Kohli,Nitin Menon,Nitin Menon,225,209
105,2015,Delhi,2015-03-10,Feroz Shah Kotla,Sunrisers Hyderabad,Punjab Kings,Sunrisers Hyderabad,bat,normal,0,Punjab Kings,13,149,20,0,Nicholas Pooran,Rod Tucker,CB Gaffaney,202,144
106,2015,Mumbai,2015-05-25,DY Patil Stadium,Mumbai Indians,Chennai Super Kings,Mumbai Indians,field,normal,0,Mumbai Indians,16,144,20,0,Hardik Pandya,Ian Gould,S Ravi,188,139
107,2015,Delhi,2015-03-15,Feroz Shah Kotla,Delhi Capitals,Rajasthan Royals,Delhi Capitals,field,normal,0,Rajasthan Royals,7,181,20,0,Yashasvi Jaiswal,Kumar Dharmasena,Nitin Menon,170,176
108,2015,Delhi,2015-05-13,Feroz Shah Kotla,Kolkata Knight Riders,Punjab Kings,Punjab Kings,bat,normal,0,Punjab Kings,7,181,20,0,Nicholas Pooran,S Ravi,Kumar Dharmasena,213,176
109,2015,Ahmedabad,2015-03-28,Narendra Modi Stadium,Punjab Kings,Gujarat Titans,Punjab Kings,bat,normal,0,Punjab Kings,50,172,20,0,Mohammed Shami,Aleem Dar,Rod Tucker,201,167
110,2015,Hyderabad,2015-03-12,Rajiv Gandhi International Stadium,Punjab Kings,Rajasthan Royals,Punjab Kings,field,normal,0,Rajasthan Royals,19,180,20,0,Trent Boult,Aleem Dar,S Ravi,158,175
111,2015,Chandigarh,2015-05-27,Punjab Cricket Association Stadium,Royal Challengers Bangalore,Rajasthan Royals,Rajasthan Royals,bat,normal,0,Rajasthan Royals,25,153,20,1,Ben Stokes,Rod Tucker,Kumar Dharmasena,187,148
112,2015,Ahmedabad,2015-05-15,Narendra Modi Stadium,Mumbai Indians,Royal Challengers Bangalore,Mumbai Indians,bat,normal,0,Royal Challengers Bangalore,53,214,20,0,Virat Kohli,Aleem Dar,Aleem Dar,200,209
113,2016,Mumbai,2016-03-12,Wankhede Stadium,Mumbai Indians,Royal Challengers Bangalore,Royal Challengers Bangalore,field,normal,0,Royal Challengers Bangalore,27,157,20,0,Virat Kohli,Rod Tucker,CB Gaffaney,187,152
114,2016,Mumbai,2016-05-15,Wankhede Stadium,Chennai Super Kings,Kolkata Knight Riders,Kolkata Knight Riders,bat,normal,0,Chennai Super Kings,58,207,20,0,Dwayne Bravo,Ian Gould,Kumar Dharmasena,183,202
115,2016,Hyderabad,2016-05-10,Rajiv Gandhi International Stadium,Royal Challengers Bangalore,Gujarat Titans,Royal Challengers Bangalore,bat,normal,0,Royal Challengers Bangalore,7,130,20,0,Yuzvendra Chahal,Rod Tucker,CB Gaffaney,165,125
116,2016,Mumbai,2016-05-28,Wankhede Stadium,Royal Challengers Bangalore,Rajasthan Royals,Rajasthan Royals,field,normal,0,Rajasthan Royals,7,161,20,0,Ben Stokes,Nitin Menon,Aleem Dar,164,156
117,2016,Chandigarh,2016-05-12,Punjab Cricket Association Stadium,Sunrisers Hyderabad,Delhi Capitals,Delhi Capitals,field,normal,0,Delhi Capitals,36,168,20,0,R Ashwin,Rod Tucker,Aleem Dar,189,163
118,2016,Chandigarh,2016-05-11,Punjab Cricket Association Stadium,Mumbai Indians,Lucknow Super Giants,Lucknow Super Giants,bat,normal,0,Lucknow Super Giants,3,194,20,0,Ravi Bishnoi,Nitin Menon,S Ravi,163,189
119,2016,Hyderabad,2016-05-09,Rajiv Gandhi International Stadium,Chennai Super Kings,Sunrisers Hyderabad,Sunrisers Hyderabad,bat,normal,0,Chennai Super Kings,5,218,20,1,MS Dhoni,Aleem Dar,Ian Gould,145,213
120,2016,Jaipur,2016-04-26,Sawai Mansingh Stadium,Kolkata Knight Riders,Gujarat Titans,Gujarat Titans,field,normal,0,Gujarat Titans,59,128,20,0,Hardik Pandya,Kumar Dharmasena,Aleem Dar,160,123
121,2016,Delhi,2016-04-12,Feroz Shah Kotla,Kolkata Knight Riders,Punjab Kings,Kolkata Knight Riders,field,normal,0,Kolkata Knight Riders,48,129,20,0,Shubman Gill,Rod Tucker,Aleem Dar,212,124
122,2016,Chandigarh,2016-05-16,Punjab Cricket Association Stadium,Chennai Super Kings,Delhi Capitals,Chennai Super Kings,field,normal,0,Chennai Super Kings,6,156,20,0,Dwayne Bravo,CB Gaffaney,Aleem Dar,175,151
123,2016,Hyderabad,2016-03-28,Rajiv Gandhi International Stadium,Kolkata Knight Riders,Sunrisers Hyderabad,Sunrisers Hyderabad,field,normal,0,Kolkata Knight Riders,2,161,20,0,Shubman Gill,Kumar Dharmasena,Ian Gould,218,156
124,2016,Delhi,2016-05-23,Feroz Shah Kotla,Mumbai Indians,Punjab Kings,Punjab Kings,bat,normal,0,Punjab Kings,3,195,20,0,Chris Gayle,Rod Tucker,Nitin Menon,148,190
125,2016,Chennai,2016-04-12,MA Chidambaram Stadium,Royal Challengers Bangalore,Lucknow Super Giants,Royal Challengers Bangalore,bat,normal,0,Lucknow Super Giants,28,188,20,0,Marcus Stoinis,Kumar Dharmasena,CB Gaffaney,170,183
126,2016,Ahmedabad,2016-03-19,Narendra Modi Stadium,Kolkata Knight Riders,Lucknow Super Giants,Kolkata Knight Riders,bat,normal,0,Kolkata Knight Riders,7,192,20,0,Andre Russell,Nitin Menon,Ian Gould,201,187
127,2017,Mumbai,2017-05-20,Wankhede Stadium,Royal Challengers Bangalore,Kolkata Knight Riders,Royal Challengers Bangalore,bat,normal,0,Kolkata Knight Riders,54,158,20,0,Eoin Morgan,S Ravi,Ian Gould,213,153
128,2017,Hyderabad,2017-04-06,Rajiv Gandhi International Stadium,Mumbai Indians,Chennai Super Kings,Chennai Super Kings,field,normal,0,Mumbai Indians,1,163,20,0,Kieron Pollard,S Ravi,S Ravi,191,158
129,2017,Mumbai,2017-05-12,DY Patil Stadium,Punjab Kings,Lucknow Super Giants,Punjab Kings,field,normal,0,Punjab Kings,4,218,20,0,Nicholas Pooran,Aleem Dar,Nitin Menon,180,213
130,2017,Bengaluru,2017-05-13,M Chinnaswamy Stadium,Royal Challengers Bangalore,Lucknow Super Giants,Royal Challengers Bangalore,field,normal,0,Royal Challengers Bangalore,8,143,20,0,Yuzvendra Chahal,Kumar Dharmasena,Rod Tucker,171,138
131,2017,Mumbai,2017-04-10,DY Patil Stadium,Chennai Super Kings,Punjab Kings,Chennai Super Kings,field,normal,0,Punjab Kings,5,145,20,0,KL Rahul,Aleem Dar,S Ravi,164,140
132,2017,Chennai,2017-05-27,MA Chidambaram Stadium,Kolkata Knight Riders,Punjab Kings,Punjab Kings,bat,normal,0,Punjab Kings,4,131,20,0,Mayank Agarwal,Nitin Menon,CB Gaffaney,146,126
133,2017,Chandigarh,2017-04-02,Punjab Cricket Association Stadium,Chennai Super Kings,Rajasthan Royals,Chennai Super Kings,bat,normal,0,Chennai Super Kings,7,218,20,0,MS Dhoni,CB Gaffaney,CB Gaffaney,173,213
134,2017,Jaipur,2017-05-27,Sawai Mansingh Stadium,Chennai Super Kings,Delhi Capitals,Chennai Super Kings,field,normal,0,Chennai Super Kings,7,189,20,0,Faf du Plessis,Aleem Dar,Kumar Dharmasena,189,184
135,2017,Delhi,2017-05-20,Feroz Shah Kotla,Royal Challengers Bangalore,Delhi Capitals,Royal Challengers Bangalore,field,normal,0,Delhi Capitals,7,196,20,0,Kagiso Rabada,CB Gaffaney,Aleem Dar,183,191
136,2017,Kolkata,2017-03-17,Eden Gardens,Kolkata Knight Riders,Sunrisers Hyderabad,Kolkata Knight Riders,bat,normal,0,Sunrisers Hyderabad,2,191,20,0,Rashid Khan,CB Gaffaney,Nitin Menon,200,186
137,2017,Mumbai,2017-04-18,DY Patil Stadium,Mumbai Indians,Royal Challengers Bangalore,Mumbai Indians,field,normal,0,Royal Challengers Bangalore,5,200,20,0,Mohammed Siraj,Nitin Menon,S Ravi,178,195
138,2017,Delhi,2017-05-28,Feroz Shah Kotla,Royal Challengers Bangalore,Rajasthan Royals,Royal Challengers Bangalore,field,normal,0,Rajasthan Royals,7,199,20,0,Sanju Samson,CB Gaffaney,S Ravi,193,194
139,2017,Mumbai,2017-03-08,Wankhede Stadium,Royal Challengers Bangalore,Punjab Kings,Punjab Kings,bat,normal,0,Punjab Kings,2,192,20,0,Nicholas Pooran,Ian Gould,Aleem Dar,161,187
140,2017,Hyderabad,2017-04-20,Rajiv Gandhi International Stadium,Chennai Super Kings,Gujarat Titans,Chennai Super Kings,bat,normal,0,Chennai Super Kings,31,177,20,0,MS Dhoni,Ian Gould,Kumar Dharmasena,159,172
141,2018,Ahmedabad,2018-03-05,Narendra Modi Stadium,Chennai Super Kings,Rajasthan Royals,Rajasthan Royals,field,normal,0,Rajasthan Royals,5,150,20,0,Yashasvi Jaiswal,Ian Gould,CB Gaffaney,167,145
142,2018,Mumbai,2018-05-11,Wankhede Stadium,Mumbai Indians,Sunrisers Hyderabad,Mumbai Indians,bat,normal,0,Sunrisers Hyderabad,8,153,20,0,Bhuvneshwar Kumar,Aleem Dar,Ian Gould,207,148
143,2018,Jaipur,2018-04-25,Sawai Mansingh Stadium,Royal Challengers Bangalore,Lucknow Super Giants,Royal Challengers Bangalore,bat,normal,0,Lucknow Super Giants,4,177,20,0,Ravi Bishnoi,Nitin Menon,Ian Gould,160,172
144,2018,Mumbai,2018-04-02,DY Patil Stadium,Mumbai Indians,Chennai Super Kings,Mumbai Indians,bat,normal,0,Mumbai Indians,7,147,20,0,Kieron Pollard,Kumar Dharmasena,Ian Gould,144,142
145,2018,Mumbai,2018-05-21,Wankhede Stadium,Mumbai Indians,Kolkata Knight Riders,Kolkata Knight Riders,bat,normal,0,Mumbai Indians,3,138,20,0,Suryakumar Yadav,S Ravi,Kumar Dharmasena,217,133
146,2018,Chennai,2018-03-06,MA Chidambaram Stadium,Rajasthan Royals,Lucknow Super Giants,Lucknow Super Giants,field,normal,0,Lucknow Super Giants,6,145,20,0,Ravi Bishnoi,Rod Tucker,Nitin Menon,182,140
147,2018,Mumbai,2018-03-04,DY Patil Stadium,Sunrisers Hyderabad,Punjab Kings,Sunrisers Hyderabad,bat,normal,0,Punjab Kings,1,179,20,0,Chris Gayle,S Ravi,Nitin Menon,191,174
148,2018,Ahmedabad,2018-03-19,Narendra Modi Stadium,Mumbai Indians,Punjab Kings,Mumbai Indians,bat,normal,0,Mumbai Indians,3,159,20,0,Jasprit Bumrah,Ian Gould,Nitin Menon,197,154
149,2018,Bengaluru,2018-04-10,M Chinnaswamy Stadium,Chennai Super Kings,Delhi Capitals,Chennai Super Kings,bat,normal,0,Chennai Super Kings,6,176,20,0,Faf du Plessis,Kumar Dharmasena,Kumar Dharmasena,160,171
150,2018,Kolkata,2018-05-16,Eden Gardens,Delhi Capitals,Gujarat Titans,Delhi Capitals,field,normal,0,Delhi Capitals,6,172,20,0,Shikhar Dhawan,Rod Tucker,Kumar Dharmasena,217,167
151,2018,Jaipur,2018-03-17,Sawai Mansingh Stadium,Kolkata Knight Riders,Delhi Capitals,Kolkata Knight Riders,field,normal,0,Delhi Capitals,8,197,20,0,Axar Patel,CB Gaffaney,Kumar Dharmasena,149,192
152,2018,Jaipur,2018-03-15,Sawai Mansingh Stadium,Royal Challengers Bangalore,Sunrisers Hyderabad,Royal Challengers Bangalore,field,normal,0,Royal Challengers Bangalore,1,216,20,0,Yuzvendra Chahal,Kumar Dharmasena,CB Gaffaney,166,211
153,2018,Mumbai,2018-03-09,DY Patil Stadium,Punjab Kings,Rajasthan Royals,Rajasthan Royals,field,normal,0,Punjab Kings,6,211,20,0,Chris Gayle,CB Gaffaney,Aleem Dar,199,206
154,2018,Delhi,2018-03-14,Feroz Shah Kotla,Mumbai Indians,Royal Challengers Bangalore,Mumbai Indians,field,normal,0,Royal Challengers Bangalore,35,132,20,0,AB de Villiers,Rod Tucker,Ian Gould,209,127
155,2019,Mumbai,2019-03-18,DY Patil Stadium,Chennai Super Kings,Kolkata Knight Riders,Chennai Super Kings,field,normal,0,Kolkata Knight Riders,30,156,20,0,Eoin Morgan,Kumar Dharmasena,CB Gaffaney,146,151
156,2019,Mumbai,2019-05-05,DY Patil Stadium,Royal Challengers Bangalore,Sunrisers Hyderabad,Sunrisers Hyderabad,bat,normal,0,Royal Challengers Bangalore,2,211,20,0,Mohammed Siraj,Kumar Dharmasena,S Ravi,216,206
157,2019,Mumbai,2019-04-18,Wankhede Stadium,Royal Challengers Bangalore,Delhi Capitals,Delhi Capitals,field,normal,0,Delhi Capitals,45,219,20,0,Rishabh Pant,Nitin Menon,Ian Gould,215,214
158,2019,Chandigarh,2019-03-08,Punjab Cricket Association Stadium,Royal Challengers Bangalore,Rajasthan Royals,Rajasthan Royals,field,normal,0,Royal Challengers Bangalore,53,173,20,0,Glenn Maxwell,Rod Tucker,Ian Gould,178,168
159,2019,Mumbai,2019-04-07,Wankhede Stadium,Delhi Capitals,Rajasthan Royals,Delhi Capitals,field,normal,0,Rajasthan Royals,29,196,20,0,Sanju Samson,S Ravi,Rod Tucker,193,191
160,2019,Jaipur,2019-03-20,Sawai Mansingh Stadium,Delhi Capitals,Punjab Kings,Punjab Kings,bat,normal,0,Punjab Kings,4,131,20,0,KL Rahul,Kumar Dharmasena,Rod Tucker,164,126
161,2019,Chennai,2019-03-24,MA Chidambaram Stadium,Sunrisers Hyderabad,Rajasthan Royals,Sunrisers Hyderabad,field,normal,0,Rajasthan Royals,18,163,20,1,Trent Boult,Kumar Dharmasena,Ian Gould,182,158
162,2019,Chennai,2019-04-10,MA Chidambaram Stadium,Mumbai Indians,Rajasthan Royals,Mumbai Indians,field,normal,0,Mumbai Indians,5,173,20,0,Jasprit Bumrah,CB Gaffaney,S Ravi,176,168
163,2019,Hyderabad,2019-03-19,Rajiv Gandhi International Stadium,Punjab Kings,Gujarat Titans,Gujarat Titans,bat,normal,0,Gujarat Titans,3,151,20,0,Shubman Gill,Aleem Dar,Nitin Menon,180,146
164,2019,Kolkata,2019-04-22,Eden Gardens,Mumbai Indians,Royal Challengers Bangalore,Royal Challengers Bangalore,field,normal,0,Mumbai Indians,36,173,20,0,Jasprit Bumrah,Rod Tucker,Rod Tucker,169,168
165,2019,Hyderabad,2019-05-06,Rajiv Gandhi International Stadium,Mumbai Indians,Sunrisers Hyderabad,Sunrisers Hyderabad,field,normal,0,Mumbai Indians,51,146,20,0,Rohit Sharma,CB Gaffaney,Aleem Dar,185,141
166,2019,Mumbai,2019-05-07,Wankhede Stadium,Kolkata Knight Riders,Lucknow Super Giants,Kolkata Knight Riders,bat,normal,0,Kolkata Knight Riders,50,154,20,0,Shubman Gill,Nitin Menon,Aleem Dar,220,149
167,2019,Mumbai,2019-05-09,Wankhede Stadium,Mumbai Indians,Kolkata Knight Riders,Kolkata Knight Riders,field,normal,0,Mumbai Indians,6,177,20,0,Jasprit Bumrah,Aleem Dar,CB Gaffaney,210,172
168,2019,Bengaluru,2019-04-09,M Chinnaswamy Stadium,Delhi Capitals,Gujarat Titans,Gujarat Titans,bat,normal,0,Gujarat Titans,17,144,20,0,Mohammed Shami,Rod Tucker,S Ravi,207,139
169,2020,Mumbai,2020-04-19,DY Patil Stadium,Mumbai Indians,Rajasthan Royals,Mumbai Indians,bat,normal,0,Mumbai Indians,2,134,20,0,Suryakumar Yadav,Nitin Menon,S Ravi,190,129
170,2020,Jaipur,2020-04-03,Sawai Mansingh Stadium,Delhi Capitals,Gujarat Titans,Delhi Capitals,bat,normal,0,Gujarat Titans,32,131,20,0,David Miller,Rod Tucker,CB Gaffaney,184,126
171,2020,Mumbai,2020-04-13,Wankhede Stadium,Royal Challengers Bangalore,Rajasthan Royals,Rajasthan Royals,field,normal,0,Rajasthan Royals,27,187,20,0,Jos Buttler,Ian Gould,CB Gaffaney,197,182
172,2020,Mumbai,2020-05-13,DY Patil Stadium,Mumbai Indians,Lucknow Super Giants,Lucknow Super Giants,bat,normal,0,Mumbai Indians,10,216,20,0,Hardik Pandya,Ian Gould,S Ravi,171,211
173,2020,Bengaluru,2020-03-05,M Chinnaswamy Stadium,Chennai Super Kings,Delhi Capitals,Delhi Capitals,field,normal,0,Chennai Super Kings,7,181,20,0,Suresh Raina,S Ravi,S Ravi,179,176
174,2020,Mumbai,2020-04-10,Wankhede Stadium,Rajasthan Royals,Lucknow Super Giants,Lucknow Super Giants,bat,normal,0,Rajasthan Royals,7,136,20,0,Trent Boult,Rod Tucker,Aleem Dar,210,131
175,2020,Chandigarh,2020-04-06,Punjab Cricket Association Stadium,Sunrisers Hyderabad,Punjab Kings,Sunrisers Hyderabad,bat,normal,0,Sunrisers Hyderabad,4,163,20,0,Rashid Khan,S Ravi,Nitin Menon,174,158
176,2020,Delhi,2020-03-15,Feroz Shah Kotla,Sunrisers Hyderabad,Gujarat Titans,Gujarat Titans,bat,normal,0,Sunrisers Hyderabad,5,217,20,0,Kane Williamson,Nitin Menon,Aleem Dar,171,212
177,2020,Mumbai,2020-05-28,DY Patil Stadium,Kolkata Knight Riders,Punjab Kings,Punjab Kings,field,normal,0,Kolkata Knight Riders,4,181,20,0,Pat Cummins,Kumar Dharmasena,Nitin Menon,182,176
178,2020,Hyderabad,2020-05-16,Rajiv Gandhi International Stadium,Mumbai Indians,Delhi Capitals,Delhi Capitals,bat,normal,0,Mumbai Indians,6,165,20,0,Hardik Pandya,Nitin Menon,S Ravi,190,160
179,2020,Delhi,2020-05-01,Feroz Shah Kotla,Mumbai Indians,Gujarat Titans,Gujarat Titans,field,normal,0,Mumbai Indians,48,150,20,0,Kieron Pollard,Ian Gould,Kumar Dharmasena,212,145
180,2020,Bengaluru,2020-04-08,M Chinnaswamy Stadium,Chennai Super Kings,Royal Challengers Bangalore,Royal Challengers Bangalore,field,normal,0,Royal Challengers Bangalore,2,211,20,0,AB de Villiers,Ian Gould,S Ravi,192,206
181,2020,Hyderabad,2020-05-28,Rajiv Gandhi International Stadium,Chennai Super Kings,Sunrisers Hyderabad,Sunrisers Hyderabad,bat,normal,0,Sunrisers Hyderabad,5,199,20,0,Bhuvneshwar Kumar,CB Gaffaney,Aleem Dar,201,194
182,2020,Bengaluru,2020-05-02,M Chinnaswamy Stadium,Delhi Capitals,Lucknow Super Giants,Lucknow Super Giants,bat,normal,0,Lucknow Super Giants,2,210,20,0,Avesh Khan,Rod Tucker,Nitin Menon,224,205
183,2021,Mumbai,2021-05-06,Wankhede Stadium,Delhi Capitals,Rajasthan Royals,Delhi Capitals,bat,normal,0,Rajasthan Royals,52,138,20,0,Jos Buttler,Nitin Menon,CB Gaffaney,222,133
184,2021,Chennai,2021-03-13,MA Chidambaram Stadium,Mumbai Indians,Royal Challengers Bangalore,Royal Challengers Bangalore,field,normal,0,Royal Challengers Bangalore,45,148,20,0,Mohammed Siraj,Kumar Dharmasena,S Ravi,220,143
185,2021,Mumbai,2021-05-28,Wankhede Stadium,Punjab Kings,Lucknow Super Giants,Lucknow Super Giants,field,normal,0,Lucknow Super Giants,41,160,20,0,Quinton de Kock,Nitin Menon,Nitin Menon,166,155
186,2021,Bengaluru,2021-05-13,M Chinnaswamy Stadium,Sunrisers Hyderabad,Lucknow Super Giants,Sunrisers Hyderabad,field,normal,0,Sunrisers Hyderabad,5,192,20,0,David Warner,Nitin Menon,Nitin Menon,202,187
187,2021,Ahmedabad,2021-03-10,Narendra Modi Stadium,Chennai Super Kings,Kolkata Knight Riders,Kolkata Knight Riders,bat,normal,0,Kolkata Knight Riders,25,135,20,0,Andre Russell,Nitin Menon,Ian Gould,215,130
188,2021,Chandigarh,2021-05-18,Punjab Cricket Association Stadium,Gujarat Titans,Lucknow Super Giants,Gujarat Titans,field,normal,0,Lucknow Super Giants,2,174,20,0,Quinton de Kock,CB Gaffaney,Kumar Dharmasena,213,169
189,2021,Kolkata,2021-04-01,Eden Gardens,Delhi Capitals,Gujarat Titans,Gujarat Titans,field,normal,0,Delhi Capitals,60,204,20,0,Shikhar Dhawan,Kumar Dharmasena,Rod Tucker,197,199
190,2021,Chandigarh,2021-03-19,Punjab Cricket Association Stadium,Royal Challengers Bangalore,Punjab Kings,Punjab Kings,field,normal,0,Punjab Kings,4,215,20,0,Chris Gayle,Nitin Menon,Aleem Dar,193,210
191,2021,Jaipur,2021-03-19,Sawai Mansingh Stadium,Royal Challengers Bangalore,Delhi Capitals,Delhi Capitals,bat,normal,0,Royal Challengers Bangalore,5,197,20,0,Glenn Maxwell,Rod Tucker,CB Gaffaney,198,192
192,2021,Hyderabad,2021-04-02,Rajiv Gandhi International Stadium,Chennai Super Kings,Delhi Capitals,Delhi Capitals,bat,normal,0,Chennai Super Kings,24,138,20,0,Ravindra Jadeja,Nitin Menon,Rod Tucker,194,133
193,2021,Bengaluru,2021-04-21,M Chinnaswamy Stadium,Mumbai Indians,Lucknow Super Giants,Mumbai Indians,field,normal,0,Lucknow Super Giants,7,151,20,0,Quinton de Kock,CB Gaffaney,Kumar Dharmasena,170,146
194,2021,Mumbai,2021-04-10,Wankhede Stadium,Royal Challengers Bangalore,Kolkata Knight Riders,Royal Challengers Bangalore,bat,normal,0,Kolkata Knight Riders,25,160,20,1,Pat Cummins,Nitin Menon,Rod Tucker,208,155
195,2021,Chandigarh,2021-03-08,Punjab Cricket Association Stadium,Mumbai Indians,Gujarat Titans,Mumbai Indians,bat,normal,0,Gujarat Titans,49,208,20,0,Mohammed Shami,Rod Tucker,Kumar Dharmasena,175,203
196,2021,Kolkata,2021-03-21,Eden Gardens,Mumbai Indians,Punjab Kings,Punjab Kings,field,normal,0,Mumbai Indians,4,205,20,0,Kieron Pollard,CB Gaffaney,Ian Gould,174,200
197,2022,Bengaluru,2022-03-06,M Chinnaswamy Stadium,Delhi Capitals,Rajasthan Royals,Delhi Capitals,field,normal,0,Rajasthan Royals,6,135,20,0,Trent Boult,Ian Gould,Nitin Menon,172,130
198,2022,Bengaluru,2022-05-08,M Chinnaswamy Stadium,Punjab Kings,Rajasthan Royals,Punjab Kings,field,normal,0,Rajasthan Royals,1,152,20,0,Trent Boult,Aleem Dar,Aleem Dar,140,147
199,2022,Chandigarh,2022-03-26,Punjab Cricket Association Stadium,Sunrisers Hyderabad,Gujarat Titans,Gujarat Titans,bat,normal,0,Gujarat Titans,29,134,20,0,Hardik Pandya,Nitin Menon,Nitin Menon,201,129
200,2022,Chandigarh,2022-05-01,Punjab Cricket Association Stadium,Royal Challengers Bangalore,Rajasthan Royals,Rajasthan Royals,bat,normal,0,Rajasthan Royals,9,207,20,0,Jos Buttler,S Ravi,Nitin Menon,157,202
201,2022,Chandigarh,2022-05-04,Punjab Cricket Association Stadium,Chennai Super Kings,Rajasthan Royals,Chennai Super Kings,bat,normal,0,Rajasthan Royals,11,152,20,0,Trent Boult,Nitin Menon,S Ravi,196,147
202,2022,Chennai,2022-05-01,MA Chidambaram Stadium,Royal Challengers Bangalore,Delhi Capitals,Delhi Capitals,bat,normal,0,Royal Challengers Bangalore,7,156,20,1,Glenn Maxwell,Kumar Dharmasena,CB Gaffaney,150,151
203,2022,Ahmedabad,2022-05-21,Narendra Modi Stadium,Chennai Super Kings,Sunrisers Hyderabad,Chennai Super Kings,field,normal,0,Sunrisers Hyderabad,1,188,20,0,David Warner,CB Gaffaney,Aleem Dar,170,183
204,2022,Kolkata,2022-04-25,Eden Gardens,Punjab Kings,Lucknow Super Giants,Lucknow Super Giants,field,normal,0,Punjab Kings,5,178,20,0,KL Rahul,Aleem Dar,CB Gaffaney,212,173
205,2022,Ahmedabad,2022-04-25,Narendra Modi Stadium,Sunrisers Hyderabad,Rajasthan Royals,Sunrisers Hyderabad,bat,normal,0,Sunrisers Hyderabad,6,175,20,0,Bhuvneshwar Kumar,Ian Gould,S Ravi,147,170
206,2022,Ahmedabad,2022-04-11,Narendra Modi Stadium,Mumbai Indians,Kolkata Knight Riders,Mumbai Indians,bat,normal,0,Mumbai Indians,56,190,20,0,Suryakumar Yadav,Ian Gould,Rod Tucker,150,185
207,2022,Chandigarh,2022-04-04,Punjab Cricket Association Stadium,Chennai Super Kings,Lucknow Super Giants,Chennai Super Kings,field,normal,0,Lucknow Super Giants,10,132,20,0,Marcus Stoinis,CB Gaffaney,Aleem Dar,170,127
208,2022,Bengaluru,2022-05-12,M Chinnaswamy Stadium,Delhi Capitals,Lucknow Super Giants,Lucknow Super Giants,bat,normal,0,Delhi Capitals,15,214,20,0,Axar Patel,Rod Tucker,Rod Tucker,157,209
209,2022,Delhi,2022-04-11,Feroz Shah Kotla,Mumbai Indians,Gujarat Titans,Gujarat Titans,bat,normal,0,Mumbai Indians,54,218,20,0,Jasprit Bumrah,CB Gaffaney,Aleem Dar,174,213
210,2022,Hyderabad,2022-03-12,Rajiv Gandhi International Stadium,Chennai Super Kings,Delhi Capitals,Delhi Capitals,bat,normal,0,Chennai Super Kings,7,132,20,0,Ravindra Jadeja,Rod Tucker,Aleem Dar,186,127
211,2023,Delhi,2023-04-26,Feroz Shah Kotla,Royal Challengers Bangalore,Sunrisers Hyderabad,Sunrisers Hyderabad,field,normal,0,Royal Challengers Bangalore,2,126,20,0,Mohammed Siraj,Kumar Dharmasena,S Ravi,198,121
212,2023,Chennai,2023-03-01,MA Chidambaram Stadium,Mumbai Indians,Rajasthan Royals,Rajasthan Royals,field,normal,0,Rajasthan Royals,5,156,20,1,Yashasvi Jaiswal,Nitin Menon,Ian Gould,209,151
213,2023,Mumbai,2023-04-08,Wankhede Stadium,Chennai Super Kings,Sunrisers Hyderabad,Chennai Super Kings,field,normal,0,Sunrisers Hyderabad,1,219,20,0,Bhuvneshwar Kumar,Aleem Dar,Kumar Dharmasena,188,214
214,2023,Mumbai,2023-05-03,Wankhede Stadium,Mumbai Indians,Sunrisers Hyderabad,Sunrisers Hyderabad,bat,normal,0,Sunrisers Hyderabad,4,177,20,1,David Warner,CB Gaffaney,Kumar Dharmasena,206,172
215,2023,Mumbai,2023-04-28,DY Patil Stadium,Chennai Super Kings,Delhi Capitals,Delhi Capitals,bat,normal,0,Chennai Super Kings,20,209,20,0,Dwayne Bravo,Ian Gould,Rod Tucker,195,204
216,2023,Hyderabad,2023-03-04,Rajiv Gandhi International Stadium,Mumbai Indians,Delhi Capitals,Delhi Capitals,field,normal,0,Mumbai Indians,54,150,20,0,Rohit Sharma,Kumar Dharmasena,S Ravi,149,145
217,2023,Chandigarh,2023-03-28,Punjab Cricket Association Stadium,Chennai Super Kings,Lucknow Super Giants,Lucknow Super Giants,field,normal,0,Chennai Super Kings,3,151,20,0,MS Dhoni,Kumar Dharmasena,Rod Tucker,185,146
218,2023,Chennai,2023-04-12,MA Chidambaram Stadium,Delhi Capitals,Punjab Kings,Punjab Kings,bat,normal,0,Punjab Kings,50,143,20,0,Nicholas Pooran,Aleem Dar,Ian Gould,181,138
219,2023,Kolkata,2023-03-26,Eden Gardens,Delhi Capitals,Gujarat Titans,Gujarat Titans,field,normal,0,Delhi Capitals,11,182,20,0,Rishabh Pant,Aleem Dar,Aleem Dar,191,177
220,2023,Chennai,2023-03-27,MA Chidambaram Stadium,Gujarat Titans,Lucknow Super Giants,Gujarat Titans,bat,normal,0,Lucknow Super Giants,42,212,20,0,KL Rahul,Aleem Dar,Kumar Dharmasena,187,207
221,2023,Bengaluru,2023-04-19,M Chinnaswamy Stadium,Punjab Kings,Lucknow Super Giants,Lucknow Super Giants,bat,normal,0,Lucknow Super Giants,34,140,20,0,Avesh Khan,S Ravi,Aleem Dar,182,135
222,2023,Kolkata,2023-05-02,Eden Gardens,Sunrisers Hyderabad,Lucknow Super Giants,Lucknow Super Giants,field,normal,0,Sunrisers Hyderabad,4,160,20,0,Manish Pandey,CB Gaffaney,Kumar Dharmasena,163,155
223,2023,Chandigarh,2023-03-14,Punjab Cricket Association Stadium,Sunrisers Hyderabad,Punjab Kings,Punjab Kings,field,normal,0,Punjab Kings,22,132,20,0,Nicholas Pooran,Kumar Dharmasena,Ian Gould,201,127
224,2023,Delhi,2023-04-01,Feroz Shah Kotla,Kolkata Knight Riders,Gujarat Titans,Kolkata Knight Riders,field,normal,0,Kolkata Knight Riders,4,169,20,0,Pat Cummins,Kumar Dharmasena,Aleem Dar,202,164
